OccurrenceYear,OccurrenceMonth,OccurrenceDatePart,IsWeekend,GridID,X_centroid,Y_centroid,PredictedNumberOfIncidents
2023,10,23,0,1,-111.97125452935708,33.33041669721434,1.7501035748144347
2023,10,24,0,1,-111.97125452935708,33.33041669721434,1.666695685618029
2023,10,25,0,1,-111.97125452935708,33.33041669721434,1.607221603762382
2023,10,27,1,1,-111.97125452935708,33.33041669721434,1.6669593025176679
2023,10,28,1,1,-111.97125452935708,33.33041669721434,1.8117651338323488
2023,10,30,0,1,-111.97125452935708,33.33041669721434,1.8123401195411735
2023,10,31,0,1,-111.97125452935708,33.33041669721434,1.4662675153474294
2023,11,1,0,1,-111.97125452935708,33.33041669721434,1.9138935645381476
2023,11,2,0,1,-111.97125452935708,33.33041669721434,1.9138935645381476
2023,11,3,1,1,-111.97125452935708,33.33041669721434,1.9129844900341826
2023,11,4,1,1,-111.97125452935708,33.33041669721434,1.9129844900341826
2023,11,6,0,1,-111.97125452935708,33.33041669721434,1.8564694156091532
2023,11,9,0,1,-111.97125452935708,33.33041669721434,1.8329139071092933
2023,11,10,1,1,-111.97125452935708,33.33041669721434,1.8519057280178088
2023,11,11,1,1,-111.97125452935708,33.33041669721434,1.8519057280178088
2023,11,12,1,1,-111.97125452935708,33.33041669721434,1.8519057280178088
2023,10,23,0,2,-111.97125452935708,33.35117007964291,2.3586148567556102
2023,10,24,0,2,-111.97125452935708,33.35117007964291,2.2752069675592046
2023,10,25,0,2,-111.97125452935708,33.35117007964291,2.2157328857035576
2023,10,26,0,2,-111.97125452935708,33.35117007964291,2.2157328857035576
2023,10,27,1,2,-111.97125452935708,33.35117007964291,2.2754705844588434
2023,10,28,1,2,-111.97125452935708,33.35117007964291,2.420276415773525
2023,10,31,0,2,-111.97125452935708,33.35117007964291,2.0747787972886043
2023,11,1,0,2,-111.97125452935708,33.35117007964291,2.544015857338521
2023,11,4,1,2,-111.97125452935708,33.35117007964291,2.543106782834556
2023,11,5,1,2,-111.97125452935708,33.35117007964291,2.543106782834556
2023,11,6,0,2,-111.97125452935708,33.35117007964291,2.486591708409527
2023,11,7,0,2,-111.97125452935708,33.35117007964291,2.4414251890504683
2023,11,8,0,2,-111.97125452935708,33.35117007964291,2.4414251890504683
2023,11,9,0,2,-111.97125452935708,33.35117007964291,2.4414251890504683
2023,11,10,1,2,-111.97125452935708,33.35117007964291,2.460417009958984
2023,11,11,1,2,-111.97125452935708,33.35117007964291,2.460417009958984
2023,11,12,1,2,-111.97125452935708,33.35117007964291,2.460417009958984
2023,10,23,0,3,-111.97125452935708,33.37192346207148,6.512417702772773
2023,10,24,0,3,-111.97125452935708,33.37192346207148,6.429009813576368
2023,10,25,0,3,-111.97125452935708,33.37192346207148,6.369535731720721
2023,10,26,0,3,-111.97125452935708,33.37192346207148,6.369535731720721
2023,10,27,1,3,-111.97125452935708,33.37192346207148,6.459715689129448
2023,10,28,1,3,-111.97125452935708,33.37192346207148,6.604521520444129
2023,10,29,1,3,-111.97125452935708,33.37192346207148,6.776233342670119
2023,10,30,0,3,-111.97125452935708,33.37192346207148,6.574654247499512
2023,10,31,0,3,-111.97125452935708,33.37192346207148,6.228581643305769
2023,11,1,0,3,-111.97125452935708,33.37192346207148,6.7326273877200995
2023,11,2,0,3,-111.97125452935708,33.37192346207148,6.7326273877200995
2023,11,3,1,3,-111.97125452935708,33.37192346207148,6.762160571869575
2023,11,4,1,3,-111.97125452935708,33.37192346207148,6.762160571869575
2023,11,5,1,3,-111.97125452935708,33.37192346207148,6.762160571869575
2023,11,6,0,3,-111.97125452935708,33.37192346207148,6.675203238791105
2023,11,7,0,3,-111.97125452935708,33.37192346207148,6.595228035067631
2023,11,8,0,3,-111.97125452935708,33.37192346207148,6.595228035067631
2023,11,9,0,3,-111.97125452935708,33.37192346207148,6.595228035067631
2023,11,10,1,3,-111.97125452935708,33.37192346207148,6.644662114629588
2023,11,11,1,3,-111.97125452935708,33.37192346207148,6.644662114629588
2023,11,12,1,3,-111.97125452935708,33.37192346207148,6.644662114629588
2023,10,23,0,4,-111.97125452935708,33.392676844500045,5.608929461819805
2023,10,24,0,4,-111.97125452935708,33.392676844500045,5.5255215726234
2023,10,25,0,4,-111.97125452935708,33.392676844500045,5.466047490767753
2023,10,26,0,4,-111.97125452935708,33.392676844500045,5.466047490767753
2023,10,27,1,4,-111.97125452935708,33.392676844500045,5.55622744817648
2023,10,28,1,4,-111.97125452935708,33.392676844500045,5.701033279491161
2023,10,29,1,4,-111.97125452935708,33.392676844500045,5.872745101717151
2023,10,30,0,4,-111.97125452935708,33.392676844500045,5.671166006546544
2023,10,31,0,4,-111.97125452935708,33.392676844500045,5.325093402352802
2023,11,1,0,4,-111.97125452935708,33.392676844500045,5.786703955867929
2023,11,2,0,4,-111.97125452935708,33.392676844500045,5.786703955867929
2023,11,3,1,4,-111.97125452935708,33.392676844500045,5.816237140017405
2023,11,4,1,4,-111.97125452935708,33.392676844500045,5.816237140017405
2023,11,5,1,4,-111.97125452935708,33.392676844500045,5.816237140017405
2023,11,6,0,4,-111.97125452935708,33.392676844500045,5.729279806938934
2023,11,7,0,4,-111.97125452935708,33.392676844500045,5.649304603215461
2023,11,8,0,4,-111.97125452935708,33.392676844500045,5.649304603215461
2023,11,9,0,4,-111.97125452935708,33.392676844500045,5.649304603215461
2023,11,10,1,4,-111.97125452935708,33.392676844500045,5.698738682777417
2023,11,11,1,4,-111.97125452935708,33.392676844500045,5.698738682777417
2023,11,12,1,4,-111.97125452935708,33.392676844500045,5.698738682777417
2023,10,23,0,5,-111.97125452935708,33.41343022692861,6.592474703012782
2023,10,24,0,5,-111.97125452935708,33.41343022692861,6.509066813816377
2023,10,25,0,5,-111.97125452935708,33.41343022692861,6.44959273196073
2023,10,26,0,5,-111.97125452935708,33.41343022692861,6.44959273196073
2023,10,27,1,5,-111.97125452935708,33.41343022692861,6.727914355697535
2023,10,28,1,5,-111.97125452935708,33.41343022692861,6.872720187012216
2023,10,29,1,5,-111.97125452935708,33.41343022692861,7.044432009238206
2023,10,30,0,5,-111.97125452935708,33.41343022692861,6.654711247739521
2023,10,31,0,5,-111.97125452935708,33.41343022692861,7.7255363993238735
2023,11,1,0,5,-111.97125452935708,33.41343022692861,6.712006311448065
2023,11,2,0,5,-111.97125452935708,33.41343022692861,6.712006311448065
2023,11,3,1,5,-111.97125452935708,33.41343022692861,6.929681161925619
2023,11,4,1,5,-111.97125452935708,33.41343022692861,6.929681161925619
2023,11,5,1,5,-111.97125452935708,33.41343022692861,6.929681161925619
2023,11,6,0,5,-111.97125452935708,33.41343022692861,6.654582162519071
2023,11,7,0,5,-111.97125452935708,33.41343022692861,6.632849844408438
2023,11,8,0,5,-111.97125452935708,33.41343022692861,6.632849844408438
2023,11,9,0,5,-111.97125452935708,33.41343022692861,6.632849844408438
2023,11,10,1,5,-111.97125452935708,33.41343022692861,6.870425590298472
2023,11,11,1,5,-111.97125452935708,33.41343022692861,6.870425590298472
2023,11,12,1,5,-111.97125452935708,33.41343022692861,6.870425590298472
2023,10,23,0,6,-111.97125452935708,33.43418360935718,2.400777392626077
2023,10,25,0,6,-111.97125452935708,33.43418360935718,2.257895421574024
2023,10,27,1,6,-111.97125452935708,33.43418360935718,2.2400046742127424
2023,10,30,0,6,-111.97125452935708,33.43418360935718,2.4812328731457627
2023,11,1,0,6,-111.97125452935708,33.43418360935718,2.6278791155195704
2023,11,2,0,6,-111.97125452935708,33.43418360935718,2.5899453434069373
2023,11,5,1,6,-111.97125452935708,33.43418360935718,2.4417714804408264
2023,11,12,1,6,-111.97125452935708,33.43418360935718,2.38251590881368
2023,10,24,0,7,-111.95681433007135,33.33041669721434,2.375834161184883
2023,10,25,0,7,-111.95681433007135,33.33041669721434,2.316360079329236
2023,10,26,0,7,-111.95681433007135,33.33041669721434,2.316360079329236
2023,10,27,1,7,-111.95681433007135,33.33041669721434,2.3760977780845223
2023,10,28,1,7,-111.95681433007135,33.33041669721434,2.5209036093992037
2023,10,29,1,7,-111.95681433007135,33.33041669721434,2.692615431625194
2023,10,30,0,7,-111.95681433007135,33.33041669721434,2.5214785951080274
2023,10,31,0,7,-111.95681433007135,33.33041669721434,2.175405990914283
2023,11,1,0,7,-111.95681433007135,33.33041669721434,2.623032040105001
2023,11,2,0,7,-111.95681433007135,33.33041669721434,2.623032040105001
2023,11,3,1,7,-111.95681433007135,33.33041669721434,2.6221229656010365
2023,11,4,1,7,-111.95681433007135,33.33041669721434,2.6221229656010365
2023,11,5,1,7,-111.95681433007135,33.33041669721434,2.6221229656010365
2023,11,7,0,7,-111.95681433007135,33.33041669721434,2.5420523826761467
2023,11,9,0,7,-111.95681433007135,33.33041669721434,2.5420523826761467
2023,11,11,1,7,-111.95681433007135,33.33041669721434,2.561044203584663
2023,10,23,0,8,-111.95681433007138,33.35117007964291,8.039659677085059
2023,10,24,0,8,-111.95681433007138,33.35117007964291,7.956251787888648
2023,10,25,0,8,-111.95681433007138,33.35117007964291,7.896777706033001
2023,10,26,0,8,-111.95681433007138,33.35117007964291,7.896777706033001
2023,10,27,1,8,-111.95681433007138,33.35117007964291,8.073867420599871
2023,10,28,1,8,-111.95681433007138,33.35117007964291,8.251263297080222
2023,10,29,1,8,-111.95681433007138,33.35117007964291,8.448710341863112
2023,10,30,0,8,-111.95681433007138,33.35117007964291,8.244880788176827
2023,10,31,0,8,-111.95681433007138,33.35117007964291,7.898808183983083
2023,11,1,0,8,-111.95681433007138,33.35117007964291,7.958023005633139
2023,11,2,0,8,-111.95681433007138,33.35117007964291,7.958023005633139
2023,11,3,1,8,-111.95681433007138,33.35117007964291,7.989806648298296
2023,11,4,1,8,-111.95681433007138,33.35117007964291,7.989806648298296
2023,11,5,1,8,-111.95681433007138,33.35117007964291,7.989806648298296
2023,11,6,0,8,-111.95681433007138,33.35117007964291,7.9005988567041445
2023,11,7,0,8,-111.95681433007138,33.35117007964291,7.878426378873353
2023,11,8,0,8,-111.95681433007138,33.35117007964291,7.878426378873353
2023,11,9,0,8,-111.95681433007138,33.35117007964291,7.878426378873353
2023,11,10,1,8,-111.95681433007138,33.35117007964291,7.930110916950992
2023,11,11,1,8,-111.95681433007138,33.35117007964291,7.930110916950992
2023,11,12,1,8,-111.95681433007138,33.35117007964291,7.930110916950992
2023,10,23,0,9,-111.95681433007135,33.37192346207148,11.303127284392302
2023,10,24,0,9,-111.95681433007135,33.37192346207148,11.219719395195897
2023,10,25,0,9,-111.95681433007135,33.37192346207148,11.16024531334025
2023,10,26,0,9,-111.95681433007135,33.37192346207148,11.16024531334025
2023,10,27,1,9,-111.95681433007135,33.37192346207148,11.367777286560557
2023,10,28,1,9,-111.95681433007135,33.37192346207148,11.545173163040907
2023,10,29,1,9,-111.95681433007135,33.37192346207148,11.742620207823798
2023,10,30,0,9,-111.95681433007135,33.37192346207148,11.508348395484072
2023,10,31,0,9,-111.95681433007135,33.37192346207148,11.162275791290327
2023,11,1,0,9,-111.95681433007135,33.37192346207148,11.256299297304801
2023,11,2,0,9,-111.95681433007135,33.37192346207148,11.256299297304801
2023,11,3,1,9,-111.95681433007135,33.37192346207148,11.318525198623398
2023,11,4,1,9,-111.95681433007135,33.37192346207148,11.318525198623398
2023,11,5,1,9,-111.95681433007135,33.37192346207148,11.318525198623398
2023,11,6,0,9,-111.95681433007135,33.37192346207148,11.198875148375807
2023,11,7,0,9,-111.95681433007135,33.37192346207148,11.1418939861806
2023,11,8,0,9,-111.95681433007135,33.37192346207148,11.1418939861806
2023,11,9,0,9,-111.95681433007135,33.37192346207148,11.1418939861806
2023,11,10,1,9,-111.95681433007135,33.37192346207148,11.224020782911678
2023,11,11,1,9,-111.95681433007135,33.37192346207148,11.224020782911678
2023,11,12,1,9,-111.95681433007135,33.37192346207148,11.224020782911678
2023,10,23,0,10,-111.95681433007135,33.392676844500045,8.830561845996407
2023,10,24,0,10,-111.95681433007135,33.392676844500045,8.747153956800002
2023,10,25,0,10,-111.95681433007135,33.392676844500045,8.687679874944354
2023,10,26,0,10,-111.95681433007135,33.392676844500045,8.687679874944354
2023,10,27,1,10,-111.95681433007135,33.392676844500045,8.86251913099554
2023,10,28,1,10,-111.95681433007135,33.392676844500045,9.03991500747589
2023,10,29,1,10,-111.95681433007135,33.392676844500045,9.237362052258781
2023,10,30,0,10,-111.95681433007135,33.392676844500045,9.035782957088177
2023,10,31,0,10,-111.95681433007135,33.392676844500045,8.689710352894432
2023,11,1,0,10,-111.95681433007135,33.392676844500045,8.96924376513256
2023,11,2,0,10,-111.95681433007135,33.392676844500045,8.96924376513256
2023,11,3,1,10,-111.95681433007135,33.392676844500045,8.998776949282036
2023,11,4,1,10,-111.95681433007135,33.392676844500045,8.998776949282036
2023,11,5,1,10,-111.95681433007135,33.392676844500045,8.998776949282036
2023,11,6,0,10,-111.95681433007135,33.392676844500045,8.911819616203566
2023,11,7,0,10,-111.95681433007135,33.392676844500045,8.893931028920328
2023,11,8,0,10,-111.95681433007135,33.392676844500045,8.893931028920328
2023,11,9,0,10,-111.95681433007135,33.392676844500045,8.893931028920328
2023,11,10,1,10,-111.95681433007135,33.392676844500045,8.943365108482284
2023,11,11,1,10,-111.95681433007135,33.392676844500045,8.943365108482284
2023,11,12,1,10,-111.95681433007135,33.392676844500045,8.943365108482284
2023,10,23,0,11,-111.95681433007135,33.41343022692861,14.862025493404131
2023,10,24,0,11,-111.95681433007135,33.41343022692861,14.778617604207726
2023,10,25,0,11,-111.95681433007135,33.41343022692861,14.719143522352079
2023,10,26,0,11,-111.95681433007135,33.41343022692861,14.719143522352079
2023,10,27,1,11,-111.95681433007135,33.41343022692861,15.082124444731344
2023,10,28,1,11,-111.95681433007135,33.41343022692861,15.259520321211694
2023,10,29,1,11,-111.95681433007135,33.41343022692861,15.456967365994585
2023,10,30,0,11,-111.95681433007135,33.41343022692861,15.067246604495901
2023,10,31,0,11,-111.95681433007135,33.41343022692861,16.13807175608025
2023,11,1,0,11,-111.95681433007135,33.41343022692861,14.981557101839414
2023,11,2,0,11,-111.95681433007135,33.41343022692861,14.981557101839414
2023,11,3,1,11,-111.95681433007135,33.41343022692861,15.199231952316968
2023,11,4,1,11,-111.95681433007135,33.41343022692861,15.199231952316968
2023,11,5,1,11,-111.95681433007135,33.41343022692861,15.199231952316968
2023,11,6,0,11,-111.95681433007135,33.41343022692861,14.92413295291042
2023,11,7,0,11,-111.95681433007135,33.41343022692861,14.925394676328052
2023,11,8,0,11,-111.95681433007135,33.41343022692861,14.925394676328052
2023,11,9,0,11,-111.95681433007135,33.41343022692861,14.925394676328052
2023,11,10,1,11,-111.95681433007135,33.41343022692861,15.162970422218088
2023,11,11,1,11,-111.95681433007135,33.41343022692861,15.162970422218088
2023,11,12,1,11,-111.95681433007135,33.41343022692861,15.162970422218088
2023,10,23,0,12,-111.95681433007138,33.43418360935718,8.383975821505063
2023,10,24,0,12,-111.95681433007138,33.43418360935718,8.300567932308658
2023,10,25,0,12,-111.95681433007138,33.43418360935718,8.24109385045301
2023,10,26,0,12,-111.95681433007138,33.43418360935718,8.24109385045301
2023,10,27,1,12,-111.95681433007138,33.43418360935718,9.132197667425148
2023,10,28,1,12,-111.95681433007138,33.43418360935718,9.309593543905498
2023,10,29,1,12,-111.95681433007138,33.43418360935718,9.507040588688389
2023,10,30,0,12,-111.95681433007138,33.43418360935718,8.589196932596833
2023,10,31,0,12,-111.95681433007138,33.43418360935718,9.660022084181184
2023,11,1,0,12,-111.95681433007138,33.43418360935718,8.503507429940345
2023,11,2,0,12,-111.95681433007138,33.43418360935718,8.503507429940345
2023,11,3,1,12,-111.95681433007138,33.43418360935718,9.222649704260107
2023,11,4,1,12,-111.95681433007138,33.43418360935718,9.222649704260107
2023,11,5,1,12,-111.95681433007138,33.43418360935718,9.222649704260107
2023,11,6,0,12,-111.95681433007138,33.43418360935718,8.44608328101135
2023,11,7,0,12,-111.95681433007138,33.43418360935718,8.447345004428984
2023,11,8,0,12,-111.95681433007138,33.43418360935718,8.447345004428984
2023,11,9,0,12,-111.95681433007138,33.43418360935718,8.447345004428984
2023,11,10,1,12,-111.95681433007138,33.43418360935718,9.213043644911892
2023,11,11,1,12,-111.95681433007138,33.43418360935718,9.213043644911892
2023,11,12,1,12,-111.95681433007138,33.43418360935718,9.213043644911892
2023,10,31,0,13,-111.95681433007135,33.45493699178575,2.3544774032885383
2023,11,2,0,13,-111.95681433007135,33.45493699178575,1.3392618342353928
2023,11,4,1,13,-111.95681433007135,33.45493699178575,1.5583974788968367
2023,11,9,0,13,-111.95681433007135,33.45493699178575,1.2830994087240337
2023,10,23,0,14,-111.94237413078564,33.33041669721434,2.277665191609414
2023,10,25,0,14,-111.94237413078564,33.33041669721434,2.1347832205573614
2023,10,26,0,14,-111.94237413078564,33.33041669721434,2.1347832205573614
2023,10,28,1,14,-111.94237413078564,33.33041669721434,2.456576094435458
2023,10,29,1,14,-111.94237413078564,33.33041669721434,2.6540231392183493
2023,10,30,0,14,-111.94237413078564,33.33041669721434,2.482886302701183
2023,10,31,0,14,-111.94237413078564,33.33041669721434,2.136813698507438
2023,11,1,0,14,-111.94237413078564,33.33041669721434,2.4023626064211574
2023,11,3,1,14,-111.94237413078564,33.33041669721434,2.3747980611665285
2023,11,5,1,14,-111.94237413078564,33.33041669721434,2.3747980611665285
2023,11,7,0,14,-111.94237413078564,33.33041669721434,2.3834695654325393
2023,11,8,0,14,-111.94237413078564,33.33041669721434,2.3834695654325393
2023,11,9,0,14,-111.94237413078564,33.33041669721434,2.3834695654325393
2023,11,10,1,14,-111.94237413078564,33.33041669721434,2.4024613863410553
2023,11,12,1,14,-111.94237413078564,33.33041669721434,2.4024613863410553
2023,10,23,0,15,-111.94237413078568,33.35117007964291,2.937052730031758
2023,10,24,0,15,-111.94237413078568,33.35117007964291,2.8536448408353525
2023,10,25,0,15,-111.94237413078568,33.35117007964291,2.7941707589797056
2023,10,26,0,15,-111.94237413078568,33.35117007964291,2.7941707589797056
2023,10,27,1,15,-111.94237413078568,33.35117007964291,2.9150177043885734
2023,10,28,1,15,-111.94237413078568,33.35117007964291,3.0924135808689246
2023,10,29,1,15,-111.94237413078568,33.35117007964291,3.2898606256518157
2023,10,30,0,15,-111.94237413078568,33.35117007964291,3.142273841123527
2023,10,31,0,15,-111.94237413078568,33.35117007964291,2.7962012369297824
2023,11,1,0,15,-111.94237413078568,33.35117007964291,3.0833611557027
2023,11,2,0,15,-111.94237413078568,33.35117007964291,3.0833611557027
2023,11,3,1,15,-111.94237413078568,33.35117007964291,3.0322465584591933
2023,11,4,1,15,-111.94237413078568,33.35117007964291,3.0322465584591933
2023,11,6,0,15,-111.94237413078568,33.35117007964291,3.025937006773706
2023,11,7,0,15,-111.94237413078568,33.35117007964291,3.0428571038548835
2023,11,8,0,15,-111.94237413078568,33.35117007964291,3.0428571038548835
2023,11,9,0,15,-111.94237413078568,33.35117007964291,3.0428571038548835
2023,11,10,1,15,-111.94237413078568,33.35117007964291,3.0382988727745217
2023,11,11,1,15,-111.94237413078568,33.35117007964291,3.0382988727745217
2023,11,12,1,15,-111.94237413078568,33.35117007964291,3.0382988727745217
2023,11,13,0,15,-111.94237413078568,33.35117007964291,3.0004219129556806
2023,10,23,0,16,-111.94237413078564,33.37192346207148,10.464860668041842
2023,10,24,0,16,-111.94237413078564,33.37192346207148,10.381452778845437
2023,10,25,0,16,-111.94237413078564,33.37192346207148,10.32197869698979
2023,10,26,0,16,-111.94237413078564,33.37192346207148,10.32197869698979
2023,10,27,1,16,-111.94237413078564,33.37192346207148,10.496817953040976
2023,10,28,1,16,-111.94237413078564,33.37192346207148,10.674213829521326
2023,10,29,1,16,-111.94237413078564,33.37192346207148,10.871660874304217
2023,10,30,0,16,-111.94237413078564,33.37192346207148,10.670081779133612
2023,10,31,0,16,-111.94237413078564,33.37192346207148,10.880752916147287
2023,11,1,0,16,-111.94237413078564,33.37192346207148,10.6459777780772
2023,11,2,0,16,-111.94237413078564,33.37192346207148,10.6459777780772
2023,11,3,1,16,-111.94237413078564,33.37192346207148,10.64885549147601
2023,11,4,1,16,-111.94237413078564,33.37192346207148,10.64885549147601
2023,11,5,1,16,-111.94237413078564,33.37192346207148,10.64885549147601
2023,11,6,0,16,-111.94237413078564,33.37192346207148,10.588553629148205
2023,11,7,0,16,-111.94237413078564,33.37192346207148,10.570665041864967
2023,11,8,0,16,-111.94237413078564,33.37192346207148,10.570665041864967
2023,11,9,0,16,-111.94237413078564,33.37192346207148,10.570665041864967
2023,11,10,1,16,-111.94237413078564,33.37192346207148,10.620099121426923
2023,11,11,1,16,-111.94237413078564,33.37192346207148,10.620099121426923
2023,11,12,1,16,-111.94237413078564,33.37192346207148,10.620099121426923
2023,10,23,0,17,-111.94237413078564,33.392676844500045,12.149658618405768
2023,10,24,0,17,-111.94237413078564,33.392676844500045,12.066250729209363
2023,10,25,0,17,-111.94237413078564,33.392676844500045,12.006776647353716
2023,10,26,0,17,-111.94237413078564,33.392676844500045,12.006776647353716
2023,10,27,1,17,-111.94237413078564,33.392676844500045,12.43613064844031
2023,10,28,1,17,-111.94237413078564,33.392676844500045,12.61352652492066
2023,10,29,1,17,-111.94237413078564,33.392676844500045,12.81097356970355
2023,10,30,0,17,-111.94237413078564,33.392676844500045,12.354879729497538
2023,10,31,0,17,-111.94237413078564,33.392676844500045,12.565550866511213
2023,11,1,0,17,-111.94237413078564,33.392676844500045,12.167215352140676
2023,11,2,0,17,-111.94237413078564,33.392676844500045,12.167215352140676
2023,11,3,1,17,-111.94237413078564,33.392676844500045,12.424607810574894
2023,11,4,1,17,-111.94237413078564,33.392676844500045,12.424607810574894
2023,11,5,1,17,-111.94237413078564,33.392676844500045,12.424607810574894
2023,11,6,0,17,-111.94237413078564,33.392676844500045,12.109791203211682
2023,11,7,0,17,-111.94237413078564,33.392676844500045,12.091902615928444
2023,11,8,0,17,-111.94237413078564,33.392676844500045,12.091902615928444
2023,11,9,0,17,-111.94237413078564,33.392676844500045,12.091902615928444
2023,11,10,1,17,-111.94237413078564,33.392676844500045,12.395851440525808
2023,11,11,1,17,-111.94237413078564,33.392676844500045,12.395851440525808
2023,11,12,1,17,-111.94237413078564,33.392676844500045,12.395851440525808
2023,10,23,0,18,-111.94237413078564,33.41343022692861,21.53864781870998
2023,10,24,0,18,-111.94237413078564,33.41343022692861,21.45523992951357
2023,10,25,0,18,-111.94237413078564,33.41343022692861,21.395765847657923
2023,10,26,0,18,-111.94237413078564,33.41343022692861,21.395765847657923
2023,10,27,1,18,-111.94237413078564,33.41343022692861,22.051828227769875
2023,10,28,1,18,-111.94237413078564,33.41343022692861,22.229224104250225
2023,10,29,1,18,-111.94237413078564,33.41343022692861,22.426671149033115
2023,10,30,0,18,-111.94237413078564,33.41343022692861,21.743868929801742
2023,10,31,0,18,-111.94237413078564,33.41343022692861,23.018369579265567
2023,11,1,0,18,-111.94237413078564,33.41343022692861,21.537054241744013
2023,11,2,0,18,-111.94237413078564,33.41343022692861,21.537054241744013
2023,11,3,1,18,-111.94237413078564,33.41343022692861,22.02115507920359
2023,11,4,1,18,-111.94237413078564,33.41343022692861,22.02115507920359
2023,11,5,1,18,-111.94237413078564,33.41343022692861,22.02115507920359
2023,11,6,0,18,-111.94237413078564,33.41343022692861,21.479630092815018
2023,11,7,0,18,-111.94237413078564,33.41343022692861,21.285649300824772
2023,11,8,0,18,-111.94237413078564,33.41343022692861,21.285649300824772
2023,11,9,0,18,-111.94237413078564,33.41343022692861,21.285649300824772
2023,11,10,1,18,-111.94237413078564,33.41343022692861,21.83703724633946
2023,11,11,1,18,-111.94237413078564,33.41343022692861,21.83703724633946
2023,11,12,1,18,-111.94237413078564,33.41343022692861,21.83703724633946
2023,10,23,0,19,-111.94237413078568,33.43418360935718,22.4970057119804
2023,10,24,0,19,-111.94237413078568,33.43418360935718,22.41359782278399
2023,10,25,0,19,-111.94237413078568,33.43418360935718,22.354123740928344
2023,10,26,0,19,-111.94237413078568,33.43418360935718,22.354123740928344
2023,10,27,1,19,-111.94237413078568,33.43418360935718,36.66418962763524
2023,10,28,1,19,-111.94237413078568,33.43418360935718,36.84158550411559
2023,10,29,1,19,-111.94237413078568,33.43418360935718,37.03903254889848
2023,10,30,0,19,-111.94237413078568,33.43418360935718,22.702226823072163
2023,10,31,0,19,-111.94237413078568,33.43418360935718,23.976727472535988
2023,11,1,0,19,-111.94237413078568,33.43418360935718,22.77683427756178
2023,11,2,0,19,-111.94237413078568,33.43418360935718,22.77683427756178
2023,11,3,1,19,-111.94237413078568,33.43418360935718,36.672215462880715
2023,11,4,1,19,-111.94237413078568,33.43418360935718,36.672215462880715
2023,11,5,1,19,-111.94237413078568,33.43418360935718,36.672215462880715
2023,11,6,0,19,-111.94237413078568,33.43418360935718,22.719410128632784
2023,11,7,0,19,-111.94237413078568,33.43418360935718,22.388077576972268
2023,11,8,0,19,-111.94237413078568,33.43418360935718,22.388077576972268
2023,11,9,0,19,-111.94237413078568,33.43418360935718,22.388077576972268
2023,11,10,1,19,-111.94237413078568,33.43418360935718,36.59346902908188
2023,11,11,1,19,-111.94237413078568,33.43418360935718,36.59346902908188
2023,11,12,1,19,-111.94237413078568,33.43418360935718,36.59346902908188
2023,11,13,0,19,-111.94237413078568,33.43418360935718,22.388077576972268
2023,10,23,0,20,-111.94237413078564,33.45493699178575,1.8798511986078097
2023,10,25,0,20,-111.94237413078564,33.45493699178575,1.7369692275557567
2023,10,26,0,20,-111.94237413078564,33.45493699178575,1.7369692275557567
2023,10,27,1,20,-111.94237413078564,33.45493699178575,2.362546995321919
2023,10,28,1,20,-111.94237413078564,33.45493699178575,2.5399428718022703
2023,10,29,1,20,-111.94237413078564,33.45493699178575,2.737389916585162
2023,10,30,0,20,-111.94237413078564,33.45493699178575,2.0428512558214376
2023,10,31,0,20,-111.94237413078564,33.45493699178575,3.1760528200975675
2023,11,2,0,20,-111.94237413078564,33.45493699178575,2.002031632734068
2023,11,3,1,20,-111.94237413078564,33.45493699178575,2.497868911725997
2023,11,4,1,20,-111.94237413078564,33.45493699178575,2.497868911725997
2023,11,5,1,20,-111.94237413078564,33.45493699178575,2.497868911725997
2023,11,6,0,20,-111.94237413078564,33.45493699178575,1.9446074838050738
2023,11,7,0,20,-111.94237413078564,33.45493699178575,1.8559980908801315
2023,11,8,0,20,-111.94237413078564,33.45493699178575,1.8559980908801315
2023,11,10,1,20,-111.94237413078564,33.45493699178575,2.4191224779271674
2023,11,11,1,20,-111.94237413078564,33.45493699178575,2.4191224779271674
2023,10,23,0,21,-111.92793393149996,33.33041669721434,2.9533533992971215
2023,10,24,0,21,-111.92793393149996,33.33041669721434,2.869945510100716
2023,10,25,0,21,-111.92793393149996,33.33041669721434,2.810471428245069
2023,10,26,0,21,-111.92793393149996,33.33041669721434,2.810471428245069
2023,10,27,1,21,-111.92793393149996,33.33041669721434,3.1821787775084864
2023,10,28,1,21,-111.92793393149996,33.33041669721434,3.3595746539888376
2023,10,30,0,21,-111.92793393149996,33.33041669721434,3.1163534565107494
2023,10,31,0,21,-111.92793393149996,33.33041669721434,3.3270245935244236
2023,11,1,0,21,-111.92793393149996,33.33041669721434,3.0420006559880726
2023,11,2,0,21,-111.92793393149996,33.33041669721434,3.0420006559880726
2023,11,3,1,21,-111.92793393149996,33.33041669721434,3.2839675164772566
2023,11,4,1,21,-111.92793393149996,33.33041669721434,3.2839675164772566
2023,11,5,1,21,-111.92793393149996,33.33041669721434,3.2839675164772566
2023,11,6,0,21,-111.92793393149996,33.33041669721434,2.9845765070590784
2023,11,7,0,21,-111.92793393149996,33.33041669721434,2.9719354824686457
2023,11,8,0,21,-111.92793393149996,33.33041669721434,2.9719354824686457
2023,11,9,0,21,-111.92793393149996,33.33041669721434,2.9719354824686457
2023,11,10,1,21,-111.92793393149996,33.33041669721434,3.2811894510129376
2023,11,11,1,21,-111.92793393149996,33.33041669721434,3.2811894510129376
2023,10,23,0,22,-111.92793393149996,33.35117007964291,3.3985807111995197
2023,10,24,0,22,-111.92793393149996,33.35117007964291,3.315172822003114
2023,10,25,0,22,-111.92793393149996,33.35117007964291,3.255698740147467
2023,10,26,0,22,-111.92793393149996,33.35117007964291,3.255698740147467
2023,10,27,1,22,-111.92793393149996,33.35117007964291,3.6274060894108837
2023,10,28,1,22,-111.92793393149996,33.35117007964291,3.804801965891235
2023,10,29,1,22,-111.92793393149996,33.35117007964291,4.0022490106741255
2023,10,30,0,22,-111.92793393149996,33.35117007964291,3.5615807684131475
2023,10,31,0,22,-111.92793393149996,33.35117007964291,3.7722519054268218
2023,11,1,0,22,-111.92793393149996,33.35117007964291,3.508838978749669
2023,11,2,0,22,-111.92793393149996,33.35117007964291,3.508838978749669
2023,11,3,1,22,-111.92793393149996,33.35117007964291,3.7508058392388524
2023,11,5,1,22,-111.92793393149996,33.35117007964291,3.7508058392388524
2023,11,6,0,22,-111.92793393149996,33.35117007964291,3.451414829820675
2023,11,7,0,22,-111.92793393149996,33.35117007964291,3.417162794371044
2023,11,8,0,22,-111.92793393149996,33.35117007964291,3.417162794371044
2023,11,9,0,22,-111.92793393149996,33.35117007964291,3.417162794371044
2023,11,11,1,22,-111.92793393149996,33.35117007964291,3.726416762915335
2023,11,12,1,22,-111.92793393149996,33.35117007964291,3.726416762915335
2023,10,23,0,23,-111.92793393149996,33.371923462071486,10.226018509974143
2023,10,24,0,23,-111.92793393149996,33.371923462071486,10.142610620777738
2023,10,25,0,23,-111.92793393149996,33.371923462071486,10.08313653892209
2023,10,26,0,23,-111.92793393149996,33.371923462071486,10.08313653892209
2023,10,27,1,23,-111.92793393149996,33.371923462071486,10.508836198827828
2023,10,28,1,23,-111.92793393149996,33.371923462071486,10.686232075308178
2023,10,29,1,23,-111.92793393149996,33.371923462071486,10.883679120091069
2023,10,30,0,23,-111.92793393149996,33.371923462071486,10.389018567187772
2023,10,31,0,23,-111.92793393149996,33.371923462071486,10.599689704201447
2023,11,1,0,23,-111.92793393149996,33.371923462071486,10.371085461888708
2023,11,2,0,23,-111.92793393149996,33.371923462071486,10.371085461888708
2023,11,3,1,23,-111.92793393149996,33.371923462071486,10.66704463302021
2023,11,4,1,23,-111.92793393149996,33.371923462071486,10.66704463302021
2023,11,5,1,23,-111.92793393149996,33.371923462071486,10.66704463302021
2023,11,6,0,23,-111.92793393149996,33.371923462071486,10.313661312959713
2023,11,7,0,23,-111.92793393149996,33.371923462071486,10.244600593145666
2023,11,8,0,23,-111.92793393149996,33.371923462071486,10.244600593145666
2023,11,9,0,23,-111.92793393149996,33.371923462071486,10.244600593145666
2023,11,10,1,23,-111.92793393149996,33.371923462071486,10.607846872332276
2023,11,11,1,23,-111.92793393149996,33.371923462071486,10.607846872332276
2023,11,12,1,23,-111.92793393149996,33.371923462071486,10.607846872332276
2023,10,23,0,24,-111.92793393149996,33.392676844500045,10.693608108988217
2023,10,24,0,24,-111.92793393149996,33.392676844500045,10.610200219791812
2023,10,25,0,24,-111.92793393149996,33.392676844500045,10.550726137936165
2023,10,26,0,24,-111.92793393149996,33.392676844500045,10.550726137936165
2023,10,27,1,24,-111.92793393149996,33.392676844500045,10.976425797841902
2023,10,28,1,24,-111.92793393149996,33.392676844500045,11.153821674322252
2023,10,29,1,24,-111.92793393149996,33.392676844500045,11.351268719105143
2023,10,30,0,24,-111.92793393149996,33.392676844500045,10.856608166201847
2023,10,31,0,24,-111.92793393149996,33.392676844500045,11.067279303215521
2023,11,1,0,24,-111.92793393149996,33.392676844500045,10.772744381083513
2023,11,2,0,24,-111.92793393149996,33.392676844500045,10.772744381083513
2023,11,3,1,24,-111.92793393149996,33.392676844500045,11.068703552215014
2023,11,4,1,24,-111.92793393149996,33.392676844500045,11.068703552215014
2023,11,5,1,24,-111.92793393149996,33.392676844500045,11.068703552215014
2023,11,6,0,24,-111.92793393149996,33.392676844500045,10.715320232154518
2023,11,7,0,24,-111.92793393149996,33.392676844500045,10.669755001260537
2023,11,8,0,24,-111.92793393149996,33.392676844500045,10.669755001260537
2023,11,9,0,24,-111.92793393149996,33.392676844500045,10.669755001260537
2023,11,10,1,24,-111.92793393149996,33.392676844500045,11.033001280447147
2023,11,11,1,24,-111.92793393149996,33.392676844500045,11.033001280447147
2023,11,12,1,24,-111.92793393149996,33.392676844500045,11.033001280447147
2023,11,13,0,24,-111.92793393149996,33.392676844500045,10.669755001260537
2023,10,23,0,25,-111.92793393149996,33.41343022692861,19.734254978929687
2023,10,24,0,25,-111.92793393149996,33.41343022692861,19.65084708973328
2023,10,25,0,25,-111.92793393149996,33.41343022692861,19.591373007877632
2023,10,26,0,25,-111.92793393149996,33.41343022692861,19.591373007877632
2023,10,27,1,25,-111.92793393149996,33.41343022692861,20.551288048356483
2023,10,28,1,25,-111.92793393149996,33.41343022692861,20.728683924836833
2023,10,29,1,25,-111.92793393149996,33.41343022692861,20.926130969619724
2023,10,30,0,25,-111.92793393149996,33.41343022692861,19.86636427725093
2023,10,31,0,25,-111.92793393149996,33.41343022692861,21.140864926714755
2023,11,1,0,25,-111.92793393149996,33.41343022692861,19.856435413055944
2023,11,2,0,25,-111.92793393149996,33.41343022692861,19.856435413055944
2023,11,3,1,25,-111.92793393149996,33.41343022692861,20.717500723652943
2023,11,4,1,25,-111.92793393149996,33.41343022692861,20.717500723652943
2023,11,5,1,25,-111.92793393149996,33.41343022692861,20.717500723652943
2023,11,6,0,25,-111.92793393149996,33.41343022692861,19.79901126412695
2023,11,7,0,25,-111.92793393149996,33.41343022692861,19.710401871202013
2023,11,8,0,25,-111.92793393149996,33.41343022692861,19.710401871202013
2023,11,9,0,25,-111.92793393149996,33.41343022692861,19.710401871202013
2023,11,10,1,25,-111.92793393149996,33.41343022692861,20.63875428985412
2023,11,11,1,25,-111.92793393149996,33.41343022692861,20.63875428985412
2023,11,12,1,25,-111.92793393149996,33.41343022692861,20.63875428985412
2023,11,13,0,25,-111.92793393149996,33.41343022692861,19.710401871202013
2023,10,23,0,26,-111.92793393149996,33.43418360935718,14.791076351650943
2023,10,24,0,26,-111.92793393149996,33.43418360935718,14.707668462454539
2023,10,25,0,26,-111.92793393149996,33.43418360935718,14.648194380598891
2023,10,26,0,26,-111.92793393149996,33.43418360935718,14.648194380598891
2023,10,27,1,26,-111.92793393149996,33.43418360935718,16.0902196892169
2023,10,28,1,26,-111.92793393149996,33.43418360935718,16.267615565697255
2023,10,29,1,26,-111.92793393149996,33.43418360935718,16.465062610480146
2023,10,30,0,26,-111.92793393149996,33.43418360935718,14.92318564997219
2023,10,31,0,26,-111.92793393149996,33.43418360935718,15.760698081108252
2023,11,1,0,26,-111.92793393149996,33.43418360935718,14.913256785777202
2023,11,2,0,26,-111.92793393149996,33.43418360935718,14.913256785777202
2023,11,3,1,26,-111.92793393149996,33.43418360935718,16.256432364513365
2023,11,4,1,26,-111.92793393149996,33.43418360935718,16.256432364513365
2023,11,5,1,26,-111.92793393149996,33.43418360935718,16.256432364513365
2023,11,6,0,26,-111.92793393149996,33.43418360935718,14.855832636848207
2023,11,7,0,26,-111.92793393149996,33.43418360935718,14.767223243923263
2023,11,8,0,26,-111.92793393149996,33.43418360935718,14.767223243923263
2023,11,9,0,26,-111.92793393149996,33.43418360935718,14.767223243923263
2023,11,10,1,26,-111.92793393149996,33.43418360935718,16.177685930714535
2023,11,11,1,26,-111.92793393149996,33.43418360935718,16.177685930714535
2023,11,12,1,26,-111.92793393149996,33.43418360935718,16.177685930714535
2023,10,23,0,27,-111.92793393149996,33.45493699178575,9.884459452795069
2023,10,24,0,27,-111.92793393149996,33.45493699178575,9.801051563598664
2023,10,25,0,27,-111.92793393149996,33.45493699178575,9.741577481743017
2023,10,26,0,27,-111.92793393149996,33.45493699178575,9.741577481743017
2023,10,27,1,27,-111.92793393149996,33.45493699178575,9.934219609157262
2023,10,28,1,27,-111.92793393149996,33.45493699178575,10.111615485637612
2023,10,29,1,27,-111.92793393149996,33.45493699178575,10.309062530420503
2023,10,30,0,27,-111.92793393149996,33.45493699178575,10.016568751116315
2023,10,31,0,27,-111.92793393149996,33.45493699178575,10.606374435180363
2023,11,1,0,27,-111.92793393149996,33.45493699178575,10.006639886921327
2023,11,2,0,27,-111.92793393149996,33.45493699178575,10.006639886921327
2023,11,3,1,27,-111.92793393149996,33.45493699178575,10.10043228445372
2023,11,4,1,27,-111.92793393149996,33.45493699178575,10.10043228445372
2023,11,5,1,27,-111.92793393149996,33.45493699178575,10.10043228445372
2023,11,6,0,27,-111.92793393149996,33.45493699178575,9.949215737992333
2023,11,7,0,27,-111.92793393149996,33.45493699178575,9.860606345067389
2023,11,8,0,27,-111.92793393149996,33.45493699178575,9.860606345067389
2023,11,9,0,27,-111.92793393149996,33.45493699178575,9.860606345067389
2023,11,10,1,27,-111.92793393149996,33.45493699178575,10.02168585065489
2023,11,11,1,27,-111.92793393149996,33.45493699178575,10.02168585065489
2023,11,12,1,27,-111.92793393149996,33.45493699178575,10.02168585065489
2023,10,23,0,28,-111.91349373221423,33.33041669721434,2.453997190294181
2023,10,24,0,28,-111.91349373221423,33.33041669721434,2.3705893010977754
2023,10,25,0,28,-111.91349373221423,33.33041669721434,2.3111152192421285
2023,10,26,0,28,-111.91349373221423,33.33041669721434,2.3111152192421285
2023,10,28,1,28,-111.91349373221423,33.33041669721434,2.381466633270688
2023,10,29,1,28,-111.91349373221423,33.33041669721434,2.578913678053579
2023,10,30,0,28,-111.91349373221423,33.33041669721434,2.5861064886154272
2023,11,1,0,28,-111.91349373221423,33.33041669721434,2.5191489580650672
2023,11,2,0,28,-111.91349373221423,33.33041669721434,2.5191489580650672
2023,11,3,1,28,-111.91349373221423,33.33041669721434,2.3132547657314237
2023,11,4,1,28,-111.91349373221423,33.33041669721434,2.3132547657314237
2023,11,5,1,28,-111.91349373221423,33.33041669721434,2.3132547657314237
2023,11,6,0,28,-111.91349373221423,33.33041669721434,2.461724809136073
2023,11,7,0,28,-111.91349373221423,33.33041669721434,2.4725792734657053
2023,11,8,0,28,-111.91349373221423,33.33041669721434,2.4725792734657053
2023,11,9,0,28,-111.91349373221423,33.33041669721434,2.4725792734657053
2023,11,10,1,28,-111.91349373221423,33.33041669721434,2.3339721891871696
2023,11,11,1,28,-111.91349373221423,33.33041669721434,2.3339721891871696
2023,11,12,1,28,-111.91349373221423,33.33041669721434,2.3339721891871696
2023,10,23,0,29,-111.91349373221423,33.35117007964291,3.2440757218758347
2023,10,24,0,29,-111.91349373221423,33.35117007964291,3.160667832679429
2023,10,25,0,29,-111.91349373221423,33.35117007964291,3.101193750823782
2023,10,26,0,29,-111.91349373221423,33.35117007964291,3.101193750823782
2023,10,27,1,29,-111.91349373221423,33.35117007964291,2.9941492883719905
2023,10,28,1,29,-111.91349373221423,33.35117007964291,3.1715451648523416
2023,10,29,1,29,-111.91349373221423,33.35117007964291,3.3689922096352327
2023,10,30,0,29,-111.91349373221423,33.35117007964291,3.376185020197081
2023,10,31,0,29,-111.91349373221423,33.35117007964291,3.4804484953264345
2023,11,1,0,29,-111.91349373221423,33.35117007964291,3.3308385005059193
2023,11,2,0,29,-111.91349373221423,33.35117007964291,3.3308385005059193
2023,11,3,1,29,-111.91349373221423,33.35117007964291,3.124944308172276
2023,11,4,1,29,-111.91349373221423,33.35117007964291,3.124944308172276
2023,11,5,1,29,-111.91349373221423,33.35117007964291,3.124944308172276
2023,11,6,0,29,-111.91349373221423,33.35117007964291,3.273414351576925
2023,11,7,0,29,-111.91349373221423,33.35117007964291,3.262657805047359
2023,11,8,0,29,-111.91349373221423,33.35117007964291,3.262657805047359
2023,11,9,0,29,-111.91349373221423,33.35117007964291,3.262657805047359
2023,11,10,1,29,-111.91349373221423,33.35117007964291,3.1240507207688233
2023,11,11,1,29,-111.91349373221423,33.35117007964291,3.1240507207688233
2023,11,12,1,29,-111.91349373221423,33.35117007964291,3.1240507207688233
2023,11,13,0,29,-111.91349373221423,33.35117007964291,3.220222614148156
2023,10,23,0,30,-111.91349373221423,33.37192346207148,7.67105508963997
2023,10,24,0,30,-111.91349373221423,33.37192346207148,7.587647200443564
2023,10,25,0,30,-111.91349373221423,33.37192346207148,7.528173118587918
2023,10,26,0,30,-111.91349373221423,33.37192346207148,7.528173118587918
2023,10,27,1,30,-111.91349373221423,33.37192346207148,7.475120966778444
2023,10,28,1,30,-111.91349373221423,33.37192346207148,7.6525168432587956
2023,10,29,1,30,-111.91349373221423,33.37192346207148,7.849963888041687
2023,10,30,0,30,-111.91349373221423,33.37192346207148,7.803164387961216
2023,10,31,0,30,-111.91349373221423,33.37192346207148,7.907427863090572
2023,11,1,0,30,-111.91349373221423,33.37192346207148,7.792626552634468
2023,11,2,0,30,-111.91349373221423,33.37192346207148,7.792626552634468
2023,11,3,1,30,-111.91349373221423,33.37192346207148,7.640724670943143
2023,11,4,1,30,-111.91349373221423,33.37192346207148,7.640724670943143
2023,11,5,1,30,-111.91349373221423,33.37192346207148,7.640724670943143
2023,11,6,0,30,-111.91349373221423,33.37192346207148,7.735202403705474
2023,11,7,0,30,-111.91349373221423,33.37192346207148,7.689637172811493
2023,11,8,0,30,-111.91349373221423,33.37192346207148,7.689637172811493
2023,11,9,0,30,-111.91349373221423,33.37192346207148,7.689637172811493
2023,11,10,1,30,-111.91349373221423,33.37192346207148,7.605022399175277
2023,11,11,1,30,-111.91349373221423,33.37192346207148,7.605022399175277
2023,11,12,1,30,-111.91349373221423,33.37192346207148,7.605022399175277
2023,10,23,0,31,-111.91349373221423,33.392676844500045,8.344681015103268
2023,10,24,0,31,-111.91349373221423,33.392676844500045,8.261273125906863
2023,10,25,0,31,-111.91349373221423,33.392676844500045,8.201799044051215
2023,10,26,0,31,-111.91349373221423,33.392676844500045,8.201799044051215
2023,10,27,1,31,-111.91349373221423,33.392676844500045,8.148746892241741
2023,10,28,1,31,-111.91349373221423,33.392676844500045,8.326142768722091
2023,10,29,1,31,-111.91349373221423,33.392676844500045,8.523589813504982
2023,10,30,0,31,-111.91349373221423,33.392676844500045,8.476790313424514
2023,10,31,0,31,-111.91349373221423,33.392676844500045,8.581053788553868
2023,11,1,0,31,-111.91349373221423,33.392676844500045,8.423817287198563
2023,11,2,0,31,-111.91349373221423,33.392676844500045,8.423817287198563
2023,11,3,1,31,-111.91349373221423,33.392676844500045,8.271915405507237
2023,11,4,1,31,-111.91349373221423,33.392676844500045,8.271915405507237
2023,11,5,1,31,-111.91349373221423,33.392676844500045,8.271915405507237
2023,11,7,0,31,-111.91349373221423,33.392676844500045,8.320827907375588
2023,11,8,0,31,-111.91349373221423,33.392676844500045,8.320827907375588
2023,11,9,0,31,-111.91349373221423,33.392676844500045,8.320827907375588
2023,11,10,1,31,-111.91349373221423,33.392676844500045,8.23621313373937
2023,11,11,1,31,-111.91349373221423,33.392676844500045,8.23621313373937
2023,11,12,1,31,-111.91349373221423,33.392676844500045,8.23621313373937
2023,11,13,0,31,-111.91349373221423,33.392676844500045,8.320827907375588
2023,10,23,0,32,-111.91349373221423,33.41343022692861,28.405178515679015
2023,10,24,0,32,-111.91349373221423,33.41343022692861,28.321770626482607
2023,10,25,0,32,-111.91349373221423,33.41343022692861,28.26229654462696
2023,10,26,0,32,-111.91349373221423,33.41343022692861,28.26229654462696
2023,10,27,1,32,-111.91349373221423,33.41343022692861,28.107413107632155
2023,10,28,1,32,-111.91349373221423,33.41343022692861,28.284808984112505
2023,10,29,1,32,-111.91349373221423,33.41343022692861,28.482256028895396
2023,10,30,0,32,-111.91349373221423,33.41343022692861,28.53728781400026
2023,10,31,0,32,-111.91349373221423,33.41343022692861,29.268392583252005
2023,11,1,0,32,-111.91349373221423,33.41343022692861,28.67718221294852
2023,11,2,0,32,-111.91349373221423,33.41343022692861,28.67718221294852
2023,11,3,1,32,-111.91349373221423,33.41343022692861,28.423449046071863
2023,11,4,1,32,-111.91349373221423,33.41343022692861,28.423449046071863
2023,11,5,1,32,-111.91349373221423,33.41343022692861,28.423449046071863
2023,11,6,0,32,-111.91349373221423,33.41343022692861,28.619758064019525
2023,11,7,0,32,-111.91349373221423,33.41343022692861,28.531148671094588
2023,11,8,0,32,-111.91349373221423,33.41343022692861,28.531148671094588
2023,11,9,0,32,-111.91349373221423,33.41343022692861,28.38132540795134
2023,11,10,1,32,-111.91349373221423,33.41343022692861,28.194879349129792
2023,11,11,1,32,-111.91349373221423,33.41343022692861,28.194879349129792
2023,11,12,1,32,-111.91349373221423,33.41343022692861,28.194879349129792
2023,11,13,0,32,-111.91349373221423,33.41343022692861,28.38132540795134
2023,10,23,0,33,-111.91349373221423,33.43418360935718,6.089190551159544
2023,10,24,0,33,-111.91349373221423,33.43418360935718,6.0057826619631385
2023,10,25,0,33,-111.91349373221423,33.43418360935718,5.946308580107492
2023,10,26,0,33,-111.91349373221423,33.43418360935718,5.946308580107492
2023,10,27,1,33,-111.91349373221423,33.43418360935718,6.022781395129994
2023,10,28,1,33,-111.91349373221423,33.43418360935718,6.200177271610345
2023,10,29,1,33,-111.91349373221423,33.43418360935718,6.3976243163932365
2023,10,30,0,33,-111.91349373221423,33.43418360935718,6.22129984948079
2023,10,31,0,33,-111.91349373221423,33.43418360935718,6.304795950125905
2023,11,1,0,33,-111.91349373221423,33.43418360935718,6.2749486845243565
2023,11,2,0,33,-111.91349373221423,33.43418360935718,6.2749486845243565
2023,11,3,1,33,-111.91349373221423,33.43418360935718,6.252571769665007
2023,11,4,1,33,-111.91349373221423,33.43418360935718,6.252571769665007
2023,11,5,1,33,-111.91349373221423,33.43418360935718,6.252571769665007
2023,11,6,0,33,-111.91349373221423,33.43418360935718,6.217524535595362
2023,11,7,0,33,-111.91349373221423,33.43418360935718,6.065337443431865
2023,11,8,0,33,-111.91349373221423,33.43418360935718,6.065337443431865
2023,11,9,0,33,-111.91349373221423,33.43418360935718,6.065337443431865
2023,11,10,1,33,-111.91349373221423,33.43418360935718,6.110247636627624
2023,11,11,1,33,-111.91349373221423,33.43418360935718,6.110247636627624
2023,11,12,1,33,-111.91349373221423,33.43418360935718,6.110247636627624
2023,10,25,0,34,-111.91349373221423,33.45493699178575,1.8246538394608396
2023,10,26,0,34,-111.91349373221423,33.45493699178575,1.8246538394608396
2023,10,27,1,34,-111.91349373221423,33.45493699178575,1.90112665448334
2023,10,28,1,34,-111.91349373221423,33.45493699178575,2.078522530963692
2023,10,29,1,34,-111.91349373221423,33.45493699178575,2.2759695757465828
2023,10,31,0,34,-111.91349373221423,33.45493699178575,2.0418421242915583
2023,11,1,0,34,-111.91349373221423,33.45493699178575,2.1532939438777046
2023,11,3,1,34,-111.91349373221423,33.45493699178575,2.1309170290183546
2023,11,4,1,34,-111.91349373221423,33.45493699178575,2.1309170290183546
2023,11,7,0,34,-111.91349373221423,33.45493699178575,1.943682702785213
2023,11,8,0,34,-111.91349373221423,33.45493699178575,1.943682702785213
2023,11,9,0,34,-111.91349373221423,33.45493699178575,1.943682702785213
2023,11,10,1,34,-111.91349373221423,33.45493699178575,1.9885928959809704
2023,11,12,1,34,-111.91349373221423,33.45493699178575,1.9885928959809704
2023,10,23,0,35,-111.8990535329285,33.33041669721434,1.7229059327451088
2023,10,26,0,35,-111.8990535329285,33.33041669721434,1.5800239616930563
2023,10,30,0,35,-111.8990535329285,33.33041669721434,1.855015231066355
2023,11,1,0,35,-111.8990535329285,33.33041669721434,1.788057700515995
2023,11,2,0,35,-111.8990535329285,33.33041669721434,1.788057700515995
2023,11,3,1,35,-111.8990535329285,33.33041669721434,1.3408498660743087
2023,11,7,0,35,-111.8990535329285,33.33041669721434,1.7414880159166333
2023,11,8,0,35,-111.8990535329285,33.33041669721434,1.7414880159166333
2023,11,9,0,35,-111.8990535329285,33.33041669721434,1.7414880159166333
2023,11,10,1,35,-111.8990535329285,33.33041669721434,1.361567289530055
2023,11,11,1,35,-111.8990535329285,33.33041669721434,1.361567289530055
2023,11,12,1,35,-111.8990535329285,33.33041669721434,1.361567289530055
2023,10,23,0,36,-111.8990535329285,33.35117007964291,2.290807683208857
2023,10,24,0,36,-111.8990535329285,33.35117007964291,2.2073997940124515
2023,10,25,0,36,-111.8990535329285,33.35117007964291,2.1479257121568045
2023,10,26,0,36,-111.8990535329285,33.35117007964291,2.1479257121568045
2023,10,27,1,36,-111.8990535329285,33.35117007964291,1.7995676075969695
2023,10,29,1,36,-111.8990535329285,33.35117007964291,2.218165851714299
2023,10,30,0,36,-111.8990535329285,33.35117007964291,2.4229169815301033
2023,10,31,0,36,-111.8990535329285,33.35117007964291,2.527180456659457
2023,11,1,0,36,-111.8990535329285,33.35117007964291,2.3775704618389417
2023,11,2,0,36,-111.8990535329285,33.35117007964291,2.3775704618389417
2023,11,3,1,36,-111.8990535329285,33.35117007964291,1.9303626273972552
2023,11,4,1,36,-111.8990535329285,33.35117007964291,1.9303626273972552
2023,11,5,1,36,-111.8990535329285,33.35117007964291,1.9303626273972552
2023,11,6,0,36,-111.8990535329285,33.35117007964291,2.3201463129099476
2023,11,7,0,36,-111.8990535329285,33.35117007964291,2.3093897663803813
2023,11,8,0,36,-111.8990535329285,33.35117007964291,2.3093897663803813
2023,11,9,0,36,-111.8990535329285,33.35117007964291,2.3093897663803813
2023,11,10,1,36,-111.8990535329285,33.35117007964291,1.9294690399938033
2023,11,12,1,36,-111.8990535329285,33.35117007964291,1.9294690399938033
2023,10,24,0,37,-111.8990535329285,33.37192346207148,4.021651032207356
2023,10,25,0,37,-111.8990535329285,33.37192346207148,3.962176950351709
2023,10,26,0,37,-111.8990535329285,33.37192346207148,3.962176950351709
2023,10,27,1,37,-111.8990535329285,33.37192346207148,3.667811156434191
2023,10,28,1,37,-111.8990535329285,33.37192346207148,3.888962355768629
2023,10,29,1,37,-111.8990535329285,33.37192346207148,4.0864094005515215
2023,10,30,0,37,-111.8990535329285,33.37192346207148,4.237168219725008
2023,10,31,0,37,-111.8990535329285,33.37192346207148,4.341431694854363
2023,11,1,0,37,-111.8990535329285,33.37192346207148,4.22663038439826
2023,11,2,0,37,-111.8990535329285,33.37192346207148,4.22663038439826
2023,11,3,1,37,-111.8990535329285,33.37192346207148,3.8334148605988903
2023,11,4,1,37,-111.8990535329285,33.37192346207148,3.8334148605988903
2023,11,5,1,37,-111.8990535329285,33.37192346207148,3.8334148605988903
2023,11,6,0,37,-111.8990535329285,33.37192346207148,4.169206235469265
2023,11,7,0,37,-111.8990535329285,33.37192346207148,4.123641004575285
2023,11,8,0,37,-111.8990535329285,33.37192346207148,4.123641004575285
2023,11,9,0,37,-111.8990535329285,33.37192346207148,4.123641004575285
2023,11,10,1,37,-111.8990535329285,33.37192346207148,3.7977125888310237
2023,11,11,1,37,-111.8990535329285,33.37192346207148,3.7977125888310237
2023,11,12,1,37,-111.8990535329285,33.37192346207148,3.7977125888310237
2023,10,23,0,38,-111.8990535329285,33.392676844500045,4.963154467962768
2023,10,24,0,38,-111.8990535329285,33.392676844500045,4.879746578766363
2023,10,25,0,38,-111.8990535329285,33.392676844500045,4.820272496910716
2023,10,26,0,38,-111.8990535329285,33.392676844500045,4.820272496910716
2023,10,27,1,38,-111.8990535329285,33.392676844500045,4.5259067029932
2023,10,28,1,38,-111.8990535329285,33.392676844500045,4.747057902327637
2023,10,29,1,38,-111.8990535329285,33.392676844500045,4.944504947110529
2023,10,30,0,38,-111.8990535329285,33.392676844500045,5.095263766284014
2023,10,31,0,38,-111.8990535329285,33.392676844500045,5.19952724141337
2023,11,1,0,38,-111.8990535329285,33.392676844500045,5.042290740058064
2023,11,2,0,38,-111.8990535329285,33.392676844500045,5.042290740058064
2023,11,3,1,38,-111.8990535329285,33.392676844500045,4.649075216258696
2023,11,4,1,38,-111.8990535329285,33.392676844500045,4.649075216258696
2023,11,5,1,38,-111.8990535329285,33.392676844500045,4.649075216258696
2023,11,6,0,38,-111.8990535329285,33.392676844500045,4.9848665911290695
2023,11,7,0,38,-111.8990535329285,33.392676844500045,4.939301360235089
2023,11,8,0,38,-111.8990535329285,33.392676844500045,4.939301360235089
2023,11,9,0,38,-111.8990535329285,33.392676844500045,4.939301360235089
2023,11,10,1,38,-111.8990535329285,33.392676844500045,4.61337294449083
2023,11,11,1,38,-111.8990535329285,33.392676844500045,4.61337294449083
2023,11,12,1,38,-111.8990535329285,33.392676844500045,4.61337294449083
2023,10,23,0,39,-111.8990535329285,33.41343022692861,19.096791983681246
2023,10,24,0,39,-111.8990535329285,33.41343022692861,19.013384094484838
2023,10,25,0,39,-111.8990535329285,33.41343022692861,18.95391001262919
2023,10,26,0,39,-111.8990535329285,33.41343022692861,18.95391001262919
2023,10,27,1,39,-111.8990535329285,33.41343022692861,18.513812477308893
2023,10,28,1,39,-111.8990535329285,33.41343022692861,18.73496367664333
2023,10,29,1,39,-111.8990535329285,33.41343022692861,18.93241072142622
2023,10,30,0,39,-111.8990535329285,33.41343022692861,19.22890128200249
2023,10,31,0,39,-111.8990535329285,33.41343022692861,19.31239738264761
2023,11,1,0,39,-111.8990535329285,33.41343022692861,19.31358609338732
2023,11,2,0,39,-111.8990535329285,33.41343022692861,19.31358609338732
2023,11,3,1,39,-111.8990535329285,33.41343022692861,18.774638828185168
2023,11,4,1,39,-111.8990535329285,33.41343022692861,18.774638828185168
2023,11,5,1,39,-111.8990535329285,33.41343022692861,18.774638828185168
2023,11,6,0,39,-111.8990535329285,33.41343022692861,19.256161944458324
2023,11,7,0,39,-111.8990535329285,33.41343022692861,19.07293887595357
2023,11,8,0,39,-111.8990535329285,33.41343022692861,19.07293887595357
2023,11,9,0,39,-111.8990535329285,33.41343022692861,19.07293887595357
2023,11,10,1,39,-111.8990535329285,33.41343022692861,18.60127871880653
2023,11,11,1,39,-111.8990535329285,33.41343022692861,18.60127871880653
2023,11,12,1,39,-111.8990535329285,33.41343022692861,18.60127871880653
2023,10,23,0,40,-111.8990535329285,33.43418360935718,5.290474611539498
2023,10,24,0,40,-111.8990535329285,33.43418360935718,5.207066722343092
2023,10,25,0,40,-111.8990535329285,33.43418360935718,5.147592640487446
2023,10,26,0,40,-111.8990535329285,33.43418360935718,5.147592640487446
2023,10,27,1,40,-111.8990535329285,33.43418360935718,5.125529627524404
2023,10,28,1,40,-111.8990535329285,33.43418360935718,5.302925504004755
2023,10,29,1,40,-111.8990535329285,33.43418360935718,5.500372548787647
2023,10,30,0,40,-111.8990535329285,33.43418360935718,5.422583909860744
2023,10,31,0,40,-111.8990535329285,33.43418360935718,5.506080010505859
2023,11,1,0,40,-111.8990535329285,33.43418360935718,5.5072687212455715
2023,11,2,0,40,-111.8990535329285,33.43418360935718,5.5072687212455715
2023,11,3,1,40,-111.8990535329285,33.43418360935718,5.386355978400679
2023,11,4,1,40,-111.8990535329285,33.43418360935718,5.386355978400679
2023,11,5,1,40,-111.8990535329285,33.43418360935718,5.386355978400679
2023,11,6,0,40,-111.8990535329285,33.43418360935718,5.449844572316577
2023,11,7,0,40,-111.8990535329285,33.43418360935718,5.266621503811819
2023,11,8,0,40,-111.8990535329285,33.43418360935718,5.266621503811819
2023,11,9,0,40,-111.8990535329285,33.43418360935718,5.266621503811819
2023,11,10,1,40,-111.8990535329285,33.43418360935718,5.212995869022034
2023,11,11,1,40,-111.8990535329285,33.43418360935718,5.212995869022034
2023,11,12,1,40,-111.8990535329285,33.43418360935718,5.212995869022034
2023,11,1,0,41,-111.88461333364285,33.37192346207148,2.0136250967502014
2023,11,2,0,41,-111.88461333364285,33.37192346207148,2.0136250967502014
2023,10,25,0,42,-111.88461333364285,33.392676844500045,3.261456164018177
2023,10,26,0,42,-111.88461333364285,33.392676844500045,3.261456164018177
2023,10,27,1,42,-111.88461333364285,33.392676844500045,3.095698802846709
2023,10,29,1,42,-111.88461333364285,33.392676844500045,3.5142970469640384
2023,10,30,0,42,-111.88461333364285,33.392676844500045,3.5364474333914755
2023,10,31,0,42,-111.88461333364285,33.392676844500045,3.640710908520829
2023,11,1,0,42,-111.88461333364285,33.392676844500045,3.5145103835067864
2023,11,2,0,42,-111.88461333364285,33.392676844500045,3.5145103835067864
2023,11,3,1,42,-111.88461333364285,33.392676844500045,3.249903292453467
2023,11,5,1,42,-111.88461333364285,33.392676844500045,3.249903292453467
2023,11,6,0,42,-111.88461333364285,33.392676844500045,3.457086234577792
2023,11,7,0,42,-111.88461333364285,33.392676844500045,3.3804850273425506
2023,11,8,0,42,-111.88461333364285,33.392676844500045,3.3804850273425506
2023,11,9,0,42,-111.88461333364285,33.392676844500045,3.3804850273425506
2023,11,10,1,42,-111.88461333364285,33.392676844500045,3.183165044344339
2023,11,11,1,42,-111.88461333364285,33.392676844500045,3.183165044344339
2023,11,12,1,42,-111.88461333364285,33.392676844500045,3.183165044344339
2023,10,23,0,43,-111.88461333364285,33.41343022692861,5.921052795309253
2023,10,24,0,43,-111.88461333364285,33.41343022692861,5.837644906112847
2023,10,25,0,43,-111.88461333364285,33.41343022692861,5.7781708242572005
2023,10,26,0,43,-111.88461333364285,33.41343022692861,5.7781708242572005
2023,10,27,1,43,-111.88461333364285,33.41343022692861,5.019760452075071
2023,10,28,1,43,-111.88461333364285,33.41343022692861,5.240911651409508
2023,10,29,1,43,-111.88461333364285,33.41343022692861,5.4383586961924
2023,10,30,0,43,-111.88461333364285,33.41343022692861,6.053162093630498
2023,10,31,0,43,-111.88461333364285,33.41343022692861,6.136658194275614
2023,11,1,0,43,-111.88461333364285,33.41343022692861,6.306145777638533
2023,11,2,0,43,-111.88461333364285,33.41343022692861,6.306145777638533
2023,11,3,1,43,-111.88461333364285,33.41343022692861,5.402392181217157
2023,11,4,1,43,-111.88461333364285,33.41343022692861,5.402392181217157
2023,11,5,1,43,-111.88461333364285,33.41343022692861,5.402392181217157
2023,11,6,0,43,-111.88461333364285,33.41343022692861,6.248721628709538
2023,11,7,0,43,-111.88461333364285,33.41343022692861,6.099097764302773
2023,11,8,0,43,-111.88461333364285,33.41343022692861,6.099097764302773
2023,11,9,0,43,-111.88461333364285,33.41343022692861,6.099097764302773
2023,11,10,1,43,-111.88461333364285,33.41343022692861,5.262631275936505
2023,11,11,1,43,-111.88461333364285,33.41343022692861,5.262631275936505
2023,11,12,1,43,-111.88461333364285,33.41343022692861,5.262631275936505
2023,10,23,0,44,-111.88461333364282,33.43418360935718,2.784815448836713
2023,10,24,0,44,-111.88461333364282,33.43418360935718,2.7014075596403075
2023,10,26,0,44,-111.88461333364282,33.43418360935718,2.641933477784661
2023,10,27,1,44,-111.88461333364282,33.43418360935718,2.81816760858319
2023,10,28,1,44,-111.88461333364282,33.43418360935718,2.995563485063541
2023,10,29,1,44,-111.88461333364282,33.43418360935718,3.1930105298464317
2023,10,30,0,44,-111.88461333364282,33.43418360935718,2.916924747157959
2023,10,31,0,44,-111.88461333364282,33.43418360935718,3.0004208478030745
2023,11,2,0,44,-111.88461333364282,33.43418360935718,2.961530390172507
2023,11,3,1,44,-111.88461333364282,33.43418360935718,2.9924212967317896
2023,11,5,1,44,-111.88461333364282,33.43418360935718,2.9924212967317896
2023,11,7,0,44,-111.88461333364282,33.43418360935718,2.7544823768367466
2023,11,8,0,44,-111.88461333364282,33.43418360935718,2.7544823768367466
2023,11,9,0,44,-111.88461333364282,33.43418360935718,2.7544823768367466
2023,11,10,1,44,-111.88461333364282,33.43418360935718,2.8526603914511366
2023,11,11,1,44,-111.88461333364282,33.43418360935718,2.8526603914511366
2023,11,12,1,44,-111.88461333364282,33.43418360935718,2.8526603914511366
